Subject,Trial,File,Onset_s,Duration_s,Description
01M,1,01M_1_annotations.edf,8.0,-1.0,Event
01M,1,01M_1_annotations.edf,1510.0,-1.0,Event
01M,1,01M_1_annotations.edf,2143.0,-1.0,Event
01M,1,01M_1_annotations.edf,2229.0,-1.0,Event
01M,1,01M_1_annotations.edf,2344.0,-1.0,Event
01M,1,01M_1_annotations.edf,2471.0,-1.0,Event
01M,1,01M_1_annotations.edf,2535.0,-1.0,Event
01M,1,01M_1_annotations.edf,2686.0,-1.0,Event
01M,1,01M_1_annotations.edf,3002.0,-1.0,Event
01M,1,01M_1_annotations.edf,3121.0,-1.0,Event
01M,1,01M_1_annotations.edf,3210.0,-1.0,Event
01M,1,01M_1_annotations.edf,3355.0,-1.0,Event
01M,1,01M_1_annotations.edf,3944.0,-1.0,Event
01M,1,01M_1_annotations.edf,4101.0,-1.0,Event
01M,1,01M_1_annotations.edf,4161.0,-1.0,Event
01M,1,01M_1_annotations.edf,4371.0,-1.0,Event
01M,1,01M_1_annotations.edf,4512.0,-1.0,Event
01M,1,01M_1_annotations.edf,4606.0,-1.0,Event
01M,1,01M_1_annotations.edf,4725.0,-1.0,Event
01M,1,01M_1_annotations.edf,4888.0,-1.0,Event
01M,1,01M_1_annotations.edf,4946.0,-1.0,Event
01M,1,01M_1_annotations.edf,5092.0,-1.0,Event
01M,1,01M_1_annotations.edf,6827.0,-1.0,Event
01M,1,01M_1_annotations.edf,6937.0,-1.0,Event
01M,1,01M_1_annotations.edf,7284.0,-1.0,Event
01M,1,01M_1_annotations.edf,7294.0,-1.0,Event
01M,2,01M_2_annotations.edf,13.0,-1.0,Event
01M,2,01M_2_annotations.edf,556.0,-1.0,Event
01M,2,01M_2_annotations.edf,719.0,-1.0,Event
01M,2,01M_2_annotations.edf,787.0,-1.0,Event
01M,2,01M_2_annotations.edf,833.0,-1.0,Event
01M,2,01M_2_annotations.edf,900.0,-1.0,Event
01M,2,01M_2_annotations.edf,1066.0,-1.0,Event
01M,2,01M_2_annotations.edf,1169.0,-1.0,Event
01M,2,01M_2_annotations.edf,1220.0,-1.0,Event
01M,2,01M_2_annotations.edf,1248.0,-1.0,Event
01M,2,01M_2_annotations.edf,1306.0,-1.0,Event
01M,2,01M_2_annotations.edf,1365.0,-1.0,Event
01M,2,01M_2_annotations.edf,1382.0,-1.0,Event
01M,2,01M_2_annotations.edf,1424.0,-1.0,Event
01M,2,01M_2_annotations.edf,1487.0,-1.0,Event
01M,2,01M_2_annotations.edf,1509.0,-1.0,Event
01M,2,01M_2_annotations.edf,1553.0,-1.0,Event
01M,2,01M_2_annotations.edf,1628.0,-1.0,Event
01M,2,01M_2_annotations.edf,1690.0,-1.0,Event
01M,2,01M_2_annotations.edf,1749.0,-1.0,Event
01M,2,01M_2_annotations.edf,1811.0,-1.0,Event
01M,2,01M_2_annotations.edf,1831.0,-1.0,Event
01M,2,01M_2_annotations.edf,1887.0,-1.0,Event
01M,2,01M_2_annotations.edf,1930.0,-1.0,Event
01M,2,01M_2_annotations.edf,2107.0,-1.0,Event
01M,2,01M_2_annotations.edf,2470.0,-1.0,Event
01M,2,01M_2_annotations.edf,2601.0,-1.0,Event
01M,2,01M_2_annotations.edf,2736.0,-1.0,Event
01M,2,01M_2_annotations.edf,3061.0,-1.0,Event
01M,2,01M_2_annotations.edf,3175.0,-1.0,Event
01M,2,01M_2_annotations.edf,3265.0,-1.0,Event
01M,2,01M_2_annotations.edf,3433.0,-1.0,Event
01M,2,01M_2_annotations.edf,3596.0,-1.0,Event
01M,2,01M_2_annotations.edf,3655.0,-1.0,Event
01M,2,01M_2_annotations.edf,3707.0,-1.0,Event
01M,2,01M_2_annotations.edf,3925.0,-1.0,Event
01M,2,01M_2_annotations.edf,3959.0,-1.0,Event
01M,2,01M_2_annotations.edf,3994.0,-1.0,Event
01M,2,01M_2_annotations.edf,4017.0,-1.0,Event
01M,2,01M_2_annotations.edf,4102.0,-1.0,Event
01M,2,01M_2_annotations.edf,4283.0,-1.0,Event
01M,2,01M_2_annotations.edf,4384.0,-1.0,Event
01M,2,01M_2_annotations.edf,4431.0,-1.0,Event
01M,2,01M_2_annotations.edf,4463.0,-1.0,Event
01M,2,01M_2_annotations.edf,4493.0,-1.0,Event
01M,2,01M_2_annotations.edf,4578.0,-1.0,Event
01M,2,01M_2_annotations.edf,5783.0,-1.0,Event
01M,2,01M_2_annotations.edf,5822.0,-1.0,Event
01M,2,01M_2_annotations.edf,5927.0,-1.0,Event
01M,2,01M_2_annotations.edf,6486.0,-1.0,Event
01M,2,01M_2_annotations.edf,6578.0,-1.0,Event
01M,2,01M_2_annotations.edf,6745.0,-1.0,Event
01M,2,01M_2_annotations.edf,6879.0,-1.0,Event
01M,2,01M_2_annotations.edf,6973.0,-1.0,Event
01M,2,01M_2_annotations.edf,7102.0,-1.0,Event
01M,2,01M_2_annotations.edf,7181.0,-1.0,Event
01M,2,01M_2_annotations.edf,7232.0,-1.0,Event
01M,2,01M_2_annotations.edf,7272.0,-1.0,Event
02F,1,02F_1_annotations.edf,8.0,-1.0,Event
02F,1,02F_1_annotations.edf,226.0,-1.0,Event
02F,1,02F_1_annotations.edf,378.0,-1.0,Event
02F,1,02F_1_annotations.edf,386.0,-1.0,Event
02F,1,02F_1_annotations.edf,618.0,-1.0,Event
02F,1,02F_1_annotations.edf,1374.0,-1.0,Event
02F,1,02F_1_annotations.edf,1535.0,-1.0,Event
02F,1,02F_1_annotations.edf,1577.0,-1.0,Event
02F,1,02F_1_annotations.edf,2207.0,-1.0,Event
02F,1,02F_1_annotations.edf,2509.0,-1.0,Event
02F,1,02F_1_annotations.edf,2694.0,-1.0,Event
02F,1,02F_1_annotations.edf,2900.0,-1.0,Event
02F,1,02F_1_annotations.edf,3032.0,-1.0,Event
02F,1,02F_1_annotations.edf,3239.0,-1.0,Event
02F,1,02F_1_annotations.edf,4565.0,-1.0,Event
02F,1,02F_1_annotations.edf,4664.0,-1.0,Event
02F,1,02F_1_annotations.edf,4672.0,-1.0,Event
02F,1,02F_1_annotations.edf,4831.0,-1.0,Event
02F,1,02F_1_annotations.edf,4999.0,-1.0,Event
02F,1,02F_1_annotations.edf,5049.0,-1.0,Event
02F,1,02F_1_annotations.edf,5073.0,-1.0,Event
02F,1,02F_1_annotations.edf,5117.0,-1.0,Event
02F,1,02F_1_annotations.edf,5219.0,-1.0,Event
02F,1,02F_1_annotations.edf,5284.0,-1.0,Event
02F,1,02F_1_annotations.edf,5298.0,-1.0,Event
02F,1,02F_1_annotations.edf,5427.0,-1.0,Event
02F,1,02F_1_annotations.edf,5478.0,-1.0,Event
02F,1,02F_1_annotations.edf,5512.0,-1.0,Event
02F,1,02F_1_annotations.edf,5524.0,-1.0,Event
02F,1,02F_1_annotations.edf,5543.0,-1.0,Event
02F,1,02F_1_annotations.edf,5667.0,-1.0,Event
02F,1,02F_1_annotations.edf,5669.0,-1.0,Event
02F,1,02F_1_annotations.edf,5843.0,-1.0,Event
02F,1,02F_1_annotations.edf,6322.0,-1.0,Event
02F,1,02F_1_annotations.edf,6390.0,-1.0,Event
02F,1,02F_1_annotations.edf,7360.0,-1.0,Event
02F,1,02F_1_annotations.edf,7362.0,-1.0,Event
02F,2,02F_2_annotations.edf,7.0,-1.0,Event
02F,2,02F_2_annotations.edf,482.0,-1.0,Event
02F,2,02F_2_annotations.edf,625.0,-1.0,Event
02F,2,02F_2_annotations.edf,1476.0,-1.0,Event
02F,2,02F_2_annotations.edf,3203.0,-1.0,Event
02F,2,02F_2_annotations.edf,3257.0,-1.0,Event
02F,2,02F_2_annotations.edf,3403.0,-1.0,Event
02F,2,02F_2_annotations.edf,3502.0,-1.0,Event
02F,2,02F_2_annotations.edf,3624.0,-1.0,Event
02F,2,02F_2_annotations.edf,3666.0,-1.0,Event
02F,2,02F_2_annotations.edf,3723.0,-1.0,Event
02F,2,02F_2_annotations.edf,3786.0,-1.0,Event
02F,2,02F_2_annotations.edf,4287.0,-1.0,Event
02F,2,02F_2_annotations.edf,4353.0,-1.0,Event
02F,2,02F_2_annotations.edf,4373.0,-1.0,Event
02F,2,02F_2_annotations.edf,4468.0,-1.0,Event
02F,2,02F_2_annotations.edf,4478.0,-1.0,Event
02F,2,02F_2_annotations.edf,4612.0,-1.0,Event
02F,2,02F_2_annotations.edf,4861.0,-1.0,Event
02F,2,02F_2_annotations.edf,5562.0,-1.0,Event
02F,2,02F_2_annotations.edf,5649.0,-1.0,Event
02F,2,02F_2_annotations.edf,5666.0,-1.0,Event
02F,2,02F_2_annotations.edf,5760.0,-1.0,Event
02F,2,02F_2_annotations.edf,5776.0,-1.0,Event
02F,2,02F_2_annotations.edf,5794.0,-1.0,Event
02F,2,02F_2_annotations.edf,5894.0,-1.0,Event
02F,2,02F_2_annotations.edf,6375.0,-1.0,Event
02F,2,02F_2_annotations.edf,6505.0,-1.0,Event
02F,2,02F_2_annotations.edf,6675.0,-1.0,Event
03F,1,03F_1_annotations.edf,3.0,-1.0,Event
03F,1,03F_1_annotations.edf,795.0,-1.0,Event
03F,1,03F_1_annotations.edf,1599.0,-1.0,Event
03F,1,03F_1_annotations.edf,1694.0,-1.0,Event
03F,1,03F_1_annotations.edf,1726.0,-1.0,Event
03F,1,03F_1_annotations.edf,1793.0,-1.0,Event
03F,1,03F_1_annotations.edf,1974.0,-1.0,Event
03F,1,03F_1_annotations.edf,2004.0,-1.0,Event
03F,1,03F_1_annotations.edf,2054.0,-1.0,Event
03F,1,03F_1_annotations.edf,2112.0,-1.0,Event
03F,1,03F_1_annotations.edf,2142.0,-1.0,Event
03F,1,03F_1_annotations.edf,2216.0,-1.0,Event
03F,1,03F_1_annotations.edf,2286.0,-1.0,Event
03F,1,03F_1_annotations.edf,2341.0,-1.0,Event
03F,1,03F_1_annotations.edf,2436.0,-1.0,Event
03F,1,03F_1_annotations.edf,2480.0,-1.0,Event
03F,1,03F_1_annotations.edf,2570.0,-1.0,Event
03F,1,03F_1_annotations.edf,2608.0,-1.0,Event
03F,1,03F_1_annotations.edf,2782.0,-1.0,Event
03F,1,03F_1_annotations.edf,2837.0,-1.0,Event
03F,1,03F_1_annotations.edf,2902.0,-1.0,Event
03F,1,03F_1_annotations.edf,3156.0,-1.0,Event
03F,1,03F_1_annotations.edf,3212.0,-1.0,Event
03F,1,03F_1_annotations.edf,3326.0,-1.0,Event
03F,1,03F_1_annotations.edf,3385.0,-1.0,Event
03F,1,03F_1_annotations.edf,3451.0,-1.0,Event
03F,1,03F_1_annotations.edf,3555.0,-1.0,Event
03F,1,03F_1_annotations.edf,3605.0,-1.0,Event
03F,1,03F_1_annotations.edf,3629.0,-1.0,Event
03F,1,03F_1_annotations.edf,3646.0,-1.0,Event
03F,1,03F_1_annotations.edf,3699.0,-1.0,Event
03F,1,03F_1_annotations.edf,3765.0,-1.0,Event
03F,1,03F_1_annotations.edf,3822.0,-1.0,Event
03F,1,03F_1_annotations.edf,3843.0,-1.0,Event
03F,1,03F_1_annotations.edf,3888.0,-1.0,Event
03F,1,03F_1_annotations.edf,3925.0,-1.0,Event
03F,1,03F_1_annotations.edf,3949.0,-1.0,Event
03F,1,03F_1_annotations.edf,4011.0,-1.0,Event
03F,1,03F_1_annotations.edf,4046.0,-1.0,Event
03F,1,03F_1_annotations.edf,4067.0,-1.0,Event
03F,1,03F_1_annotations.edf,4195.0,-1.0,Event
03F,1,03F_1_annotations.edf,4234.0,-1.0,Event
03F,1,03F_1_annotations.edf,4251.0,-1.0,Event
03F,1,03F_1_annotations.edf,4293.0,-1.0,Event
03F,1,03F_1_annotations.edf,4324.0,-1.0,Event
03F,1,03F_1_annotations.edf,4344.0,-1.0,Event
03F,1,03F_1_annotations.edf,4383.0,-1.0,Event
03F,1,03F_1_annotations.edf,4519.0,-1.0,Event
03F,1,03F_1_annotations.edf,4681.0,-1.0,Event
03F,1,03F_1_annotations.edf,4720.0,-1.0,Event
03F,1,03F_1_annotations.edf,4737.0,-1.0,Event
03F,1,03F_1_annotations.edf,4764.0,-1.0,Event
03F,1,03F_1_annotations.edf,4829.0,-1.0,Event
03F,1,03F_1_annotations.edf,4860.0,-1.0,Event
03F,1,03F_1_annotations.edf,4882.0,-1.0,Event
03F,1,03F_1_annotations.edf,4931.0,-1.0,Event
03F,1,03F_1_annotations.edf,4957.0,-1.0,Event
03F,1,03F_1_annotations.edf,4976.0,-1.0,Event
03F,1,03F_1_annotations.edf,4994.0,-1.0,Event
03F,1,03F_1_annotations.edf,5058.0,-1.0,Event
03F,1,03F_1_annotations.edf,5134.0,-1.0,Event
03F,1,03F_1_annotations.edf,5187.0,-1.0,Event
03F,1,03F_1_annotations.edf,5273.0,-1.0,Event
03F,1,03F_1_annotations.edf,5288.0,-1.0,Event
03F,1,03F_1_annotations.edf,5322.0,-1.0,Event
03F,1,03F_1_annotations.edf,5365.0,-1.0,Event
03F,1,03F_1_annotations.edf,5431.0,-1.0,Event
03F,1,03F_1_annotations.edf,5458.0,-1.0,Event
03F,1,03F_1_annotations.edf,5478.0,-1.0,Event
03F,1,03F_1_annotations.edf,5553.0,-1.0,Event
03F,1,03F_1_annotations.edf,5598.0,-1.0,Event
03F,1,03F_1_annotations.edf,5646.0,-1.0,Event
03F,1,03F_1_annotations.edf,5741.0,-1.0,Event
03F,1,03F_1_annotations.edf,6163.0,-1.0,Event
03F,1,03F_1_annotations.edf,6214.0,-1.0,Event
03F,1,03F_1_annotations.edf,6262.0,-1.0,Event
03F,1,03F_1_annotations.edf,6358.0,-1.0,Event
03F,1,03F_1_annotations.edf,6506.0,-1.0,Event
03F,1,03F_1_annotations.edf,6693.0,-1.0,Event
03F,1,03F_1_annotations.edf,6714.0,-1.0,Event
03F,1,03F_1_annotations.edf,6824.0,-1.0,Event
03F,1,03F_1_annotations.edf,6955.0,-1.0,Event
03F,1,03F_1_annotations.edf,7027.0,-1.0,Event
03F,1,03F_1_annotations.edf,7086.0,-1.0,Event
03F,1,03F_1_annotations.edf,7114.0,-1.0,Event
03F,1,03F_1_annotations.edf,7293.0,-1.0,Event
03F,2,03F_2_annotations.edf,7.0,-1.0,Event
03F,2,03F_2_annotations.edf,652.0,-1.0,Event
03F,2,03F_2_annotations.edf,691.0,-1.0,Event
03F,2,03F_2_annotations.edf,740.0,-1.0,Event
03F,2,03F_2_annotations.edf,770.0,-1.0,Event
03F,2,03F_2_annotations.edf,833.0,-1.0,Event
03F,2,03F_2_annotations.edf,1035.0,-1.0,Event
03F,2,03F_2_annotations.edf,1109.0,-1.0,Event
03F,2,03F_2_annotations.edf,1131.0,-1.0,Event
03F,2,03F_2_annotations.edf,1184.0,-1.0,Event
03F,2,03F_2_annotations.edf,1196.0,-1.0,Event
03F,2,03F_2_annotations.edf,1220.0,-1.0,Event
03F,2,03F_2_annotations.edf,1237.0,-1.0,Event
03F,2,03F_2_annotations.edf,1247.0,-1.0,Event
03F,2,03F_2_annotations.edf,1290.0,-1.0,Event
03F,2,03F_2_annotations.edf,1303.0,-1.0,Event
03F,2,03F_2_annotations.edf,1335.0,-1.0,Event
03F,2,03F_2_annotations.edf,1378.0,-1.0,Event
03F,2,03F_2_annotations.edf,1394.0,-1.0,Event
03F,2,03F_2_annotations.edf,1434.0,-1.0,Event
03F,2,03F_2_annotations.edf,1454.0,-1.0,Event
03F,2,03F_2_annotations.edf,1476.0,-1.0,Event
03F,2,03F_2_annotations.edf,1488.0,-1.0,Event
03F,2,03F_2_annotations.edf,1517.0,-1.0,Event
03F,2,03F_2_annotations.edf,1532.0,-1.0,Event
03F,2,03F_2_annotations.edf,1550.0,-1.0,Event
03F,2,03F_2_annotations.edf,1574.0,-1.0,Event
03F,2,03F_2_annotations.edf,1599.0,-1.0,Event
03F,2,03F_2_annotations.edf,1615.0,-1.0,Event
03F,2,03F_2_annotations.edf,1629.0,-1.0,Event
03F,2,03F_2_annotations.edf,1647.0,-1.0,Event
03F,2,03F_2_annotations.edf,1675.0,-1.0,Event
03F,2,03F_2_annotations.edf,1691.0,-1.0,Event
03F,2,03F_2_annotations.edf,1709.0,-1.0,Event
03F,2,03F_2_annotations.edf,1725.0,-1.0,Event
03F,2,03F_2_annotations.edf,1742.0,-1.0,Event
03F,2,03F_2_annotations.edf,1765.0,-1.0,Event
03F,2,03F_2_annotations.edf,1776.0,-1.0,Event
03F,2,03F_2_annotations.edf,1790.0,-1.0,Event
03F,2,03F_2_annotations.edf,1809.0,-1.0,Event
03F,2,03F_2_annotations.edf,1815.0,-1.0,Event
03F,2,03F_2_annotations.edf,1840.0,-1.0,Event
03F,2,03F_2_annotations.edf,1872.0,-1.0,Event
03F,2,03F_2_annotations.edf,2187.0,-1.0,Event
03F,2,03F_2_annotations.edf,2221.0,-1.0,Event
03F,2,03F_2_annotations.edf,2242.0,-1.0,Event
03F,2,03F_2_annotations.edf,2276.0,-1.0,Event
03F,2,03F_2_annotations.edf,2293.0,-1.0,Event
03F,2,03F_2_annotations.edf,2320.0,-1.0,Event
03F,2,03F_2_annotations.edf,2336.0,-1.0,Event
03F,2,03F_2_annotations.edf,2360.0,-1.0,Event
03F,2,03F_2_annotations.edf,2382.0,-1.0,Event
03F,2,03F_2_annotations.edf,2405.0,-1.0,Event
03F,2,03F_2_annotations.edf,2422.0,-1.0,Event
03F,2,03F_2_annotations.edf,2435.0,-1.0,Event
03F,2,03F_2_annotations.edf,2449.0,-1.0,Event
03F,2,03F_2_annotations.edf,2471.0,-1.0,Event
03F,2,03F_2_annotations.edf,2480.0,-1.0,Event
03F,2,03F_2_annotations.edf,2483.0,-1.0,Event
03F,2,03F_2_annotations.edf,2518.0,-1.0,Event
03F,2,03F_2_annotations.edf,2553.0,-1.0,Event
03F,2,03F_2_annotations.edf,2577.0,-1.0,Event
03F,2,03F_2_annotations.edf,2999.0,-1.0,Event
03F,2,03F_2_annotations.edf,3366.0,-1.0,Event
03F,2,03F_2_annotations.edf,3985.0,-1.0,Event
03F,2,03F_2_annotations.edf,4024.0,-1.0,Event
03F,2,03F_2_annotations.edf,4083.0,-1.0,Event
03F,2,03F_2_annotations.edf,4166.0,-1.0,Event
03F,2,03F_2_annotations.edf,4199.0,-1.0,Event
03F,2,03F_2_annotations.edf,5879.0,-1.0,Event
03F,2,03F_2_annotations.edf,5996.0,-1.0,Event
03F,2,03F_2_annotations.edf,6086.0,-1.0,Event
03F,2,03F_2_annotations.edf,6137.0,-1.0,Event
03F,2,03F_2_annotations.edf,6192.0,-1.0,Event
03F,2,03F_2_annotations.edf,6219.0,-1.0,Event
03F,2,03F_2_annotations.edf,6249.0,-1.0,Event
03F,2,03F_2_annotations.edf,6367.0,-1.0,Event
03F,2,03F_2_annotations.edf,6483.0,-1.0,Event
03F,2,03F_2_annotations.edf,6517.0,-1.0,Event
03F,2,03F_2_annotations.edf,6563.0,-1.0,Event
03F,2,03F_2_annotations.edf,6639.0,-1.0,Event
03F,2,03F_2_annotations.edf,6663.0,-1.0,Event
03F,2,03F_2_annotations.edf,6714.0,-1.0,Event
03F,2,03F_2_annotations.edf,6756.0,-1.0,Event
03F,2,03F_2_annotations.edf,6771.0,-1.0,Event
03F,2,03F_2_annotations.edf,6783.0,-1.0,Event
03F,2,03F_2_annotations.edf,6809.0,-1.0,Event
03F,2,03F_2_annotations.edf,6874.0,-1.0,Event
03F,2,03F_2_annotations.edf,6926.0,-1.0,Event
03F,2,03F_2_annotations.edf,6988.0,-1.0,Event
03F,2,03F_2_annotations.edf,7064.0,-1.0,Event
03F,2,03F_2_annotations.edf,7097.0,-1.0,Event
03F,2,03F_2_annotations.edf,7212.0,-1.0,Event
03F,2,03F_2_annotations.edf,7241.0,-1.0,Event
03F,2,03F_2_annotations.edf,7255.0,-1.0,Event
03F,2,03F_2_annotations.edf,7342.0,-1.0,Event
04M,1,04M_1_annotations.edf,8.0,-1.0,Event
04M,1,04M_1_annotations.edf,393.0,-1.0,Event
04M,1,04M_1_annotations.edf,574.0,-1.0,Event
04M,1,04M_1_annotations.edf,621.0,-1.0,Event
04M,1,04M_1_annotations.edf,695.0,-1.0,Event
04M,1,04M_1_annotations.edf,872.0,-1.0,Event
04M,1,04M_1_annotations.edf,946.0,-1.0,Event
04M,1,04M_1_annotations.edf,1027.0,-1.0,Event
04M,1,04M_1_annotations.edf,1104.0,-1.0,Event
04M,1,04M_1_annotations.edf,1165.0,-1.0,Event
04M,1,04M_1_annotations.edf,1198.0,-1.0,Event
04M,1,04M_1_annotations.edf,1406.0,-1.0,Event
04M,1,04M_1_annotations.edf,1517.0,-1.0,Event
04M,1,04M_1_annotations.edf,1572.0,-1.0,Event
04M,1,04M_1_annotations.edf,1872.0,-1.0,Event
04M,1,04M_1_annotations.edf,1942.0,-1.0,Event
04M,1,04M_1_annotations.edf,2255.0,-1.0,Event
04M,1,04M_1_annotations.edf,2548.0,-1.0,Event
04M,1,04M_1_annotations.edf,2749.0,-1.0,Event
04M,1,04M_1_annotations.edf,2967.0,-1.0,Event
04M,1,04M_1_annotations.edf,3042.0,-1.0,Event
04M,1,04M_1_annotations.edf,3137.0,-1.0,Event
04M,1,04M_1_annotations.edf,3323.0,-1.0,Event
04M,1,04M_1_annotations.edf,3399.0,-1.0,Event
04M,1,04M_1_annotations.edf,3977.0,-1.0,Event
04M,1,04M_1_annotations.edf,4055.0,-1.0,Event
04M,1,04M_1_annotations.edf,4359.0,-1.0,Event
04M,1,04M_1_annotations.edf,4380.0,-1.0,Event
04M,1,04M_1_annotations.edf,4479.0,-1.0,Event
04M,1,04M_1_annotations.edf,4743.0,-1.0,Event
04M,1,04M_1_annotations.edf,4885.0,-1.0,Event
04M,1,04M_1_annotations.edf,4942.0,-1.0,Event
04M,1,04M_1_annotations.edf,5025.0,-1.0,Event
04M,1,04M_1_annotations.edf,5078.0,-1.0,Event
04M,1,04M_1_annotations.edf,5633.0,-1.0,Event
04M,1,04M_1_annotations.edf,5766.0,-1.0,Event
04M,2,04M_2_annotations.edf,14.0,-1.0,Event
04M,2,04M_2_annotations.edf,106.0,-1.0,Event
04M,2,04M_2_annotations.edf,646.0,-1.0,Event
04M,2,04M_2_annotations.edf,764.0,-1.0,Event
04M,2,04M_2_annotations.edf,887.0,-1.0,Event
04M,2,04M_2_annotations.edf,923.0,-1.0,Event
04M,2,04M_2_annotations.edf,1056.0,-1.0,Event
04M,2,04M_2_annotations.edf,1455.0,-1.0,Event
04M,2,04M_2_annotations.edf,1599.0,-1.0,Event
04M,2,04M_2_annotations.edf,1884.0,-1.0,Event
04M,2,04M_2_annotations.edf,2156.0,-1.0,Event
04M,2,04M_2_annotations.edf,2400.0,-1.0,Event
04M,2,04M_2_annotations.edf,2450.0,-1.0,Event
04M,2,04M_2_annotations.edf,2545.0,-1.0,Event
04M,2,04M_2_annotations.edf,2588.0,-1.0,Event
04M,2,04M_2_annotations.edf,2636.0,-1.0,Event
04M,2,04M_2_annotations.edf,2674.0,-1.0,Event
04M,2,04M_2_annotations.edf,2739.0,-1.0,Event
04M,2,04M_2_annotations.edf,2800.0,-1.0,Event
04M,2,04M_2_annotations.edf,2929.0,-1.0,Event
04M,2,04M_2_annotations.edf,3009.0,-1.0,Event
04M,2,04M_2_annotations.edf,3044.0,-1.0,Event
04M,2,04M_2_annotations.edf,3180.0,-1.0,Event
04M,2,04M_2_annotations.edf,3433.0,-1.0,Event
04M,2,04M_2_annotations.edf,3449.0,-1.0,Event
04M,2,04M_2_annotations.edf,3513.0,-1.0,Event
04M,2,04M_2_annotations.edf,3735.0,-1.0,Event
04M,2,04M_2_annotations.edf,3777.0,-1.0,Event
04M,2,04M_2_annotations.edf,3887.0,-1.0,Event
04M,2,04M_2_annotations.edf,3931.0,-1.0,Event
04M,2,04M_2_annotations.edf,4041.0,-1.0,Event
04M,2,04M_2_annotations.edf,4112.0,-1.0,Event
04M,2,04M_2_annotations.edf,4464.0,-1.0,Event
04M,2,04M_2_annotations.edf,4592.0,-1.0,Event
04M,2,04M_2_annotations.edf,4610.0,-1.0,Event
04M,2,04M_2_annotations.edf,4738.0,-1.0,Event
04M,2,04M_2_annotations.edf,4802.0,-1.0,Event
04M,2,04M_2_annotations.edf,4928.0,-1.0,Event
04M,2,04M_2_annotations.edf,5064.0,-1.0,Event
04M,2,04M_2_annotations.edf,5316.0,-1.0,Event
04M,2,04M_2_annotations.edf,5634.0,-1.0,Event
04M,2,04M_2_annotations.edf,5751.0,-1.0,Event
04M,2,04M_2_annotations.edf,5903.0,-1.0,Event
04M,2,04M_2_annotations.edf,5943.0,-1.0,Event
04M,2,04M_2_annotations.edf,6027.0,-1.0,Event
04M,2,04M_2_annotations.edf,7209.0,-1.0,Event
05M,1,05M_1_annotations.edf,8.0,-1.0,Event
05M,1,05M_1_annotations.edf,1105.0,-1.0,Event
05M,1,05M_1_annotations.edf,1225.0,-1.0,Event
05M,1,05M_1_annotations.edf,1274.0,-1.0,Event
05M,1,05M_1_annotations.edf,1413.0,-1.0,Event
05M,1,05M_1_annotations.edf,1512.0,-1.0,Event
05M,1,05M_1_annotations.edf,1742.0,-1.0,Event
05M,1,05M_1_annotations.edf,2156.0,-1.0,Event
05M,1,05M_1_annotations.edf,2374.0,-1.0,Event
05M,1,05M_1_annotations.edf,2515.0,-1.0,Event
05M,1,05M_1_annotations.edf,2656.0,-1.0,Event
05M,1,05M_1_annotations.edf,2788.0,-1.0,Event
05M,1,05M_1_annotations.edf,2854.0,-1.0,Event
05M,1,05M_1_annotations.edf,2973.0,-1.0,Event
05M,1,05M_1_annotations.edf,3040.0,-1.0,Event
05M,1,05M_1_annotations.edf,3155.0,-1.0,Event
05M,1,05M_1_annotations.edf,3240.0,-1.0,Event
05M,1,05M_1_annotations.edf,3548.0,-1.0,Event
05M,1,05M_1_annotations.edf,3969.0,-1.0,Event
05M,1,05M_1_annotations.edf,4069.0,-1.0,Event
05M,1,05M_1_annotations.edf,4896.0,-1.0,Event
05M,1,05M_1_annotations.edf,4897.0,-1.0,Event
05M,1,05M_1_annotations.edf,5379.0,-1.0,Event
05M,1,05M_1_annotations.edf,5588.0,-1.0,Event
05M,1,05M_1_annotations.edf,7207.0,-1.0,Event
05M,2,05M_2_annotations.edf,12.0,-1.0,Event
05M,2,05M_2_annotations.edf,1048.0,-1.0,Event
05M,2,05M_2_annotations.edf,1546.0,-1.0,Event
05M,2,05M_2_annotations.edf,1637.0,-1.0,Event
05M,2,05M_2_annotations.edf,1796.0,-1.0,Event
05M,2,05M_2_annotations.edf,1847.0,-1.0,Event
05M,2,05M_2_annotations.edf,2077.0,-1.0,Event
05M,2,05M_2_annotations.edf,2154.0,-1.0,Event
05M,2,05M_2_annotations.edf,2228.0,-1.0,Event
05M,2,05M_2_annotations.edf,2250.0,-1.0,Event
05M,2,05M_2_annotations.edf,2359.0,-1.0,Event
05M,2,05M_2_annotations.edf,2415.0,-1.0,Event
05M,2,05M_2_annotations.edf,2450.0,-1.0,Event
05M,2,05M_2_annotations.edf,2477.0,-1.0,Event
05M,2,05M_2_annotations.edf,2624.0,-1.0,Event
05M,2,05M_2_annotations.edf,2712.0,-1.0,Event
05M,2,05M_2_annotations.edf,2924.0,-1.0,Event
05M,2,05M_2_annotations.edf,3085.0,-1.0,Event
05M,2,05M_2_annotations.edf,3135.0,-1.0,Event
05M,2,05M_2_annotations.edf,3326.0,-1.0,Event
05M,2,05M_2_annotations.edf,3377.0,-1.0,Event
05M,2,05M_2_annotations.edf,3408.0,-1.0,Event
05M,2,05M_2_annotations.edf,3449.0,-1.0,Event
05M,2,05M_2_annotations.edf,3628.0,-1.0,Event
05M,2,05M_2_annotations.edf,3629.0,-1.0,Event
05M,2,05M_2_annotations.edf,3832.0,-1.0,Event
05M,2,05M_2_annotations.edf,3883.0,-1.0,Event
05M,2,05M_2_annotations.edf,3897.0,-1.0,Event
05M,2,05M_2_annotations.edf,3928.0,-1.0,Event
05M,2,05M_2_annotations.edf,4097.0,-1.0,Event
05M,2,05M_2_annotations.edf,4147.0,-1.0,Event
05M,2,05M_2_annotations.edf,4276.0,-1.0,Event
05M,2,05M_2_annotations.edf,4314.0,-1.0,Event
05M,2,05M_2_annotations.edf,4373.0,-1.0,Event
05M,2,05M_2_annotations.edf,4405.0,-1.0,Event
05M,2,05M_2_annotations.edf,4474.0,-1.0,Event
05M,2,05M_2_annotations.edf,4533.0,-1.0,Event
05M,2,05M_2_annotations.edf,6670.0,-1.0,Event
05M,2,05M_2_annotations.edf,7224.0,-1.0,Event
06M,1,06M_1_annotations.edf,14.0,-1.0,Event
06M,1,06M_1_annotations.edf,774.0,-1.0,Event
06M,1,06M_1_annotations.edf,912.0,-1.0,Event
06M,1,06M_1_annotations.edf,1513.0,-1.0,Event
06M,1,06M_1_annotations.edf,1701.0,-1.0,Event
06M,1,06M_1_annotations.edf,1762.0,-1.0,Event
06M,1,06M_1_annotations.edf,1896.0,-1.0,Event
06M,1,06M_1_annotations.edf,2493.0,-1.0,Event
06M,1,06M_1_annotations.edf,2622.0,-1.0,Event
06M,1,06M_1_annotations.edf,2776.0,-1.0,Event
06M,1,06M_1_annotations.edf,2970.0,-1.0,Event
06M,1,06M_1_annotations.edf,3093.0,-1.0,Event
06M,1,06M_1_annotations.edf,3208.0,-1.0,Event
06M,1,06M_1_annotations.edf,3241.0,-1.0,Event
06M,1,06M_1_annotations.edf,3262.0,-1.0,Event
06M,1,06M_1_annotations.edf,3264.0,-1.0,Event
06M,1,06M_1_annotations.edf,3319.0,-1.0,Event
06M,1,06M_1_annotations.edf,3470.0,-1.0,Event
06M,1,06M_1_annotations.edf,3504.0,-1.0,Event
06M,1,06M_1_annotations.edf,3556.0,-1.0,Event
06M,1,06M_1_annotations.edf,3837.0,-1.0,Event
06M,1,06M_1_annotations.edf,3854.0,-1.0,Event
06M,1,06M_1_annotations.edf,4216.0,-1.0,Event
06M,1,06M_1_annotations.edf,4248.0,-1.0,Event
06M,1,06M_1_annotations.edf,4265.0,-1.0,Event
06M,1,06M_1_annotations.edf,4290.0,-1.0,Event
06M,1,06M_1_annotations.edf,4312.0,-1.0,Event
06M,1,06M_1_annotations.edf,4337.0,-1.0,Event
06M,1,06M_1_annotations.edf,4414.0,-1.0,Event
06M,1,06M_1_annotations.edf,5097.0,-1.0,Event
06M,1,06M_1_annotations.edf,5241.0,-1.0,Event
06M,1,06M_1_annotations.edf,5345.0,-1.0,Event
06M,1,06M_1_annotations.edf,5346.0,-1.0,Event
06M,1,06M_1_annotations.edf,5392.0,-1.0,Event
06M,1,06M_1_annotations.edf,7052.0,-1.0,Event
06M,1,06M_1_annotations.edf,7205.0,-1.0,Event
06M,2,06M_2_annotations.edf,6.0,-1.0,Event
06M,2,06M_2_annotations.edf,457.0,-1.0,Event
06M,2,06M_2_annotations.edf,1721.0,-1.0,Event
06M,2,06M_2_annotations.edf,1860.0,-1.0,Event
06M,2,06M_2_annotations.edf,2818.0,-1.0,Event
06M,2,06M_2_annotations.edf,2873.0,-1.0,Event
06M,2,06M_2_annotations.edf,2907.0,-1.0,Event
06M,2,06M_2_annotations.edf,2931.0,-1.0,Event
06M,2,06M_2_annotations.edf,2959.0,-1.0,Event
06M,2,06M_2_annotations.edf,3418.0,-1.0,Event
06M,2,06M_2_annotations.edf,3572.0,-1.0,Event
06M,2,06M_2_annotations.edf,3688.0,-1.0,Event
06M,2,06M_2_annotations.edf,4023.0,-1.0,Event
06M,2,06M_2_annotations.edf,4708.0,-1.0,Event
06M,2,06M_2_annotations.edf,5091.0,-1.0,Event
06M,2,06M_2_annotations.edf,6636.0,-1.0,Event
06M,2,06M_2_annotations.edf,6988.0,-1.0,Event
06M,2,06M_2_annotations.edf,7258.0,-1.0,Event
06M,2,06M_2_annotations.edf,7259.0,-1.0,Event
07F,1,07F_1_annotations.edf,3.0,-1.0,Event
07F,1,07F_1_annotations.edf,781.0,-1.0,Event
07F,1,07F_1_annotations.edf,826.0,-1.0,Event
07F,1,07F_1_annotations.edf,949.0,-1.0,Event
07F,1,07F_1_annotations.edf,1272.0,-1.0,Event
07F,1,07F_1_annotations.edf,1293.0,-1.0,Event
07F,1,07F_1_annotations.edf,1412.0,-1.0,Event
07F,1,07F_1_annotations.edf,1516.0,-1.0,Event
07F,1,07F_1_annotations.edf,1564.0,-1.0,Event
07F,1,07F_1_annotations.edf,1589.0,-1.0,Event
07F,1,07F_1_annotations.edf,1779.0,-1.0,Event
07F,1,07F_1_annotations.edf,1888.0,-1.0,Event
07F,1,07F_1_annotations.edf,2180.0,-1.0,Event
07F,1,07F_1_annotations.edf,2291.0,-1.0,Event
07F,1,07F_1_annotations.edf,2348.0,-1.0,Event
07F,1,07F_1_annotations.edf,2380.0,-1.0,Event
07F,1,07F_1_annotations.edf,2406.0,-1.0,Event
07F,1,07F_1_annotations.edf,2429.0,-1.0,Event
07F,1,07F_1_annotations.edf,2472.0,-1.0,Event
07F,1,07F_1_annotations.edf,2522.0,-1.0,Event
07F,1,07F_1_annotations.edf,2544.0,-1.0,Event
07F,1,07F_1_annotations.edf,2577.0,-1.0,Event
07F,1,07F_1_annotations.edf,2602.0,-1.0,Event
07F,1,07F_1_annotations.edf,2665.0,-1.0,Event
07F,1,07F_1_annotations.edf,2888.0,-1.0,Event
07F,1,07F_1_annotations.edf,2941.0,-1.0,Event
07F,1,07F_1_annotations.edf,3051.0,-1.0,Event
07F,1,07F_1_annotations.edf,3071.0,-1.0,Event
07F,1,07F_1_annotations.edf,3145.0,-1.0,Event
07F,1,07F_1_annotations.edf,3210.0,-1.0,Event
07F,1,07F_1_annotations.edf,3238.0,-1.0,Event
07F,1,07F_1_annotations.edf,3268.0,-1.0,Event
07F,1,07F_1_annotations.edf,3302.0,-1.0,Event
07F,1,07F_1_annotations.edf,3317.0,-1.0,Event
07F,1,07F_1_annotations.edf,3341.0,-1.0,Event
07F,1,07F_1_annotations.edf,3423.0,-1.0,Event
07F,1,07F_1_annotations.edf,3435.0,-1.0,Event
07F,1,07F_1_annotations.edf,3454.0,-1.0,Event
07F,1,07F_1_annotations.edf,3469.0,-1.0,Event
07F,1,07F_1_annotations.edf,3494.0,-1.0,Event
07F,1,07F_1_annotations.edf,3509.0,-1.0,Event
07F,1,07F_1_annotations.edf,3568.0,-1.0,Event
07F,1,07F_1_annotations.edf,3595.0,-1.0,Event
07F,1,07F_1_annotations.edf,3645.0,-1.0,Event
07F,1,07F_1_annotations.edf,3663.0,-1.0,Event
07F,1,07F_1_annotations.edf,3677.0,-1.0,Event
07F,1,07F_1_annotations.edf,3696.0,-1.0,Event
07F,1,07F_1_annotations.edf,3712.0,-1.0,Event
07F,1,07F_1_annotations.edf,3726.0,-1.0,Event
07F,1,07F_1_annotations.edf,3774.0,-1.0,Event
07F,1,07F_1_annotations.edf,3792.0,-1.0,Event
07F,1,07F_1_annotations.edf,3845.0,-1.0,Event
07F,1,07F_1_annotations.edf,3889.0,-1.0,Event
07F,1,07F_1_annotations.edf,3897.0,-1.0,Event
07F,1,07F_1_annotations.edf,3918.0,-1.0,Event
07F,1,07F_1_annotations.edf,3962.0,-1.0,Event
07F,1,07F_1_annotations.edf,3999.0,-1.0,Event
07F,1,07F_1_annotations.edf,4015.0,-1.0,Event
07F,1,07F_1_annotations.edf,4079.0,-1.0,Event
07F,1,07F_1_annotations.edf,4113.0,-1.0,Event
07F,1,07F_1_annotations.edf,4127.0,-1.0,Event
07F,1,07F_1_annotations.edf,4381.0,-1.0,Event
07F,1,07F_1_annotations.edf,4662.0,-1.0,Event
07F,1,07F_1_annotations.edf,4687.0,-1.0,Event
07F,1,07F_1_annotations.edf,4707.0,-1.0,Event
07F,1,07F_1_annotations.edf,4755.0,-1.0,Event
07F,1,07F_1_annotations.edf,4807.0,-1.0,Event
07F,1,07F_1_annotations.edf,4857.0,-1.0,Event
07F,1,07F_1_annotations.edf,4932.0,-1.0,Event
07F,1,07F_1_annotations.edf,4978.0,-1.0,Event
07F,1,07F_1_annotations.edf,5027.0,-1.0,Event
07F,1,07F_1_annotations.edf,5046.0,-1.0,Event
07F,1,07F_1_annotations.edf,5074.0,-1.0,Event
07F,1,07F_1_annotations.edf,5117.0,-1.0,Event
07F,1,07F_1_annotations.edf,5162.0,-1.0,Event
07F,1,07F_1_annotations.edf,5226.0,-1.0,Event
07F,1,07F_1_annotations.edf,5284.0,-1.0,Event
07F,1,07F_1_annotations.edf,5307.0,-1.0,Event
07F,1,07F_1_annotations.edf,5348.0,-1.0,Event
07F,1,07F_1_annotations.edf,5375.0,-1.0,Event
07F,1,07F_1_annotations.edf,5404.0,-1.0,Event
07F,1,07F_1_annotations.edf,5448.0,-1.0,Event
07F,1,07F_1_annotations.edf,5466.0,-1.0,Event
07F,1,07F_1_annotations.edf,5503.0,-1.0,Event
07F,1,07F_1_annotations.edf,5557.0,-1.0,Event
07F,1,07F_1_annotations.edf,5576.0,-1.0,Event
07F,1,07F_1_annotations.edf,5612.0,-1.0,Event
07F,1,07F_1_annotations.edf,5672.0,-1.0,Event
07F,1,07F_1_annotations.edf,5698.0,-1.0,Event
07F,1,07F_1_annotations.edf,7273.0,-1.0,Event
07F,2,07F_2_annotations.edf,14.0,-1.0,Event
07F,2,07F_2_annotations.edf,836.0,-1.0,Event
07F,2,07F_2_annotations.edf,911.0,-1.0,Event
07F,2,07F_2_annotations.edf,1308.0,-1.0,Event
07F,2,07F_2_annotations.edf,1402.0,-1.0,Event
07F,2,07F_2_annotations.edf,1442.0,-1.0,Event
07F,2,07F_2_annotations.edf,1490.0,-1.0,Event
07F,2,07F_2_annotations.edf,1520.0,-1.0,Event
07F,2,07F_2_annotations.edf,1547.0,-1.0,Event
07F,2,07F_2_annotations.edf,1577.0,-1.0,Event
07F,2,07F_2_annotations.edf,1642.0,-1.0,Event
07F,2,07F_2_annotations.edf,1752.0,-1.0,Event
07F,2,07F_2_annotations.edf,1803.0,-1.0,Event
07F,2,07F_2_annotations.edf,1933.0,-1.0,Event
07F,2,07F_2_annotations.edf,2016.0,-1.0,Event
07F,2,07F_2_annotations.edf,2234.0,-1.0,Event
07F,2,07F_2_annotations.edf,2338.0,-1.0,Event
07F,2,07F_2_annotations.edf,2352.0,-1.0,Event
07F,2,07F_2_annotations.edf,2379.0,-1.0,Event
07F,2,07F_2_annotations.edf,2403.0,-1.0,Event
07F,2,07F_2_annotations.edf,2440.0,-1.0,Event
07F,2,07F_2_annotations.edf,2498.0,-1.0,Event
07F,2,07F_2_annotations.edf,2521.0,-1.0,Event
07F,2,07F_2_annotations.edf,2598.0,-1.0,Event
07F,2,07F_2_annotations.edf,2667.0,-1.0,Event
07F,2,07F_2_annotations.edf,2757.0,-1.0,Event
07F,2,07F_2_annotations.edf,2767.0,-1.0,Event
07F,2,07F_2_annotations.edf,2811.0,-1.0,Event
07F,2,07F_2_annotations.edf,2843.0,-1.0,Event
07F,2,07F_2_annotations.edf,2885.0,-1.0,Event
07F,2,07F_2_annotations.edf,2910.0,-1.0,Event
07F,2,07F_2_annotations.edf,2956.0,-1.0,Event
07F,2,07F_2_annotations.edf,2982.0,-1.0,Event
07F,2,07F_2_annotations.edf,3076.0,-1.0,Event
07F,2,07F_2_annotations.edf,3135.0,-1.0,Event
07F,2,07F_2_annotations.edf,3172.0,-1.0,Event
07F,2,07F_2_annotations.edf,3233.0,-1.0,Event
07F,2,07F_2_annotations.edf,3272.0,-1.0,Event
07F,2,07F_2_annotations.edf,3281.0,-1.0,Event
07F,2,07F_2_annotations.edf,3293.0,-1.0,Event
07F,2,07F_2_annotations.edf,3338.0,-1.0,Event
07F,2,07F_2_annotations.edf,3373.0,-1.0,Event
07F,2,07F_2_annotations.edf,3384.0,-1.0,Event
07F,2,07F_2_annotations.edf,3441.0,-1.0,Event
07F,2,07F_2_annotations.edf,3456.0,-1.0,Event
07F,2,07F_2_annotations.edf,3470.0,-1.0,Event
07F,2,07F_2_annotations.edf,3480.0,-1.0,Event
07F,2,07F_2_annotations.edf,3523.0,-1.0,Event
07F,2,07F_2_annotations.edf,3540.0,-1.0,Event
07F,2,07F_2_annotations.edf,3591.0,-1.0,Event
07F,2,07F_2_annotations.edf,3602.0,-1.0,Event
07F,2,07F_2_annotations.edf,3613.0,-1.0,Event
07F,2,07F_2_annotations.edf,3624.0,-1.0,Event
07F,2,07F_2_annotations.edf,3674.0,-1.0,Event
07F,2,07F_2_annotations.edf,3700.0,-1.0,Event
07F,2,07F_2_annotations.edf,3713.0,-1.0,Event
07F,2,07F_2_annotations.edf,3731.0,-1.0,Event
07F,2,07F_2_annotations.edf,3742.0,-1.0,Event
07F,2,07F_2_annotations.edf,3757.0,-1.0,Event
07F,2,07F_2_annotations.edf,3775.0,-1.0,Event
07F,2,07F_2_annotations.edf,3785.0,-1.0,Event
07F,2,07F_2_annotations.edf,3794.0,-1.0,Event
07F,2,07F_2_annotations.edf,3839.0,-1.0,Event
07F,2,07F_2_annotations.edf,3854.0,-1.0,Event
07F,2,07F_2_annotations.edf,3901.0,-1.0,Event
07F,2,07F_2_annotations.edf,3937.0,-1.0,Event
07F,2,07F_2_annotations.edf,3953.0,-1.0,Event
07F,2,07F_2_annotations.edf,3962.0,-1.0,Event
07F,2,07F_2_annotations.edf,3968.0,-1.0,Event
07F,2,07F_2_annotations.edf,4049.0,-1.0,Event
07F,2,07F_2_annotations.edf,4061.0,-1.0,Event
07F,2,07F_2_annotations.edf,4075.0,-1.0,Event
07F,2,07F_2_annotations.edf,4103.0,-1.0,Event
07F,2,07F_2_annotations.edf,4142.0,-1.0,Event
07F,2,07F_2_annotations.edf,4152.0,-1.0,Event
07F,2,07F_2_annotations.edf,4193.0,-1.0,Event
07F,2,07F_2_annotations.edf,4213.0,-1.0,Event
07F,2,07F_2_annotations.edf,4328.0,-1.0,Event
07F,2,07F_2_annotations.edf,4390.0,-1.0,Event
07F,2,07F_2_annotations.edf,4471.0,-1.0,Event
07F,2,07F_2_annotations.edf,4563.0,-1.0,Event
07F,2,07F_2_annotations.edf,4584.0,-1.0,Event
07F,2,07F_2_annotations.edf,4635.0,-1.0,Event
07F,2,07F_2_annotations.edf,4652.0,-1.0,Event
07F,2,07F_2_annotations.edf,4653.0,-1.0,Event
07F,2,07F_2_annotations.edf,4667.0,-1.0,Event
07F,2,07F_2_annotations.edf,4690.0,-1.0,Event
07F,2,07F_2_annotations.edf,4722.0,-1.0,Event
07F,2,07F_2_annotations.edf,4730.0,-1.0,Event
07F,2,07F_2_annotations.edf,4754.0,-1.0,Event
07F,2,07F_2_annotations.edf,4791.0,-1.0,Event
07F,2,07F_2_annotations.edf,4812.0,-1.0,Event
07F,2,07F_2_annotations.edf,4829.0,-1.0,Event
07F,2,07F_2_annotations.edf,4838.0,-1.0,Event
07F,2,07F_2_annotations.edf,4858.0,-1.0,Event
07F,2,07F_2_annotations.edf,5100.0,-1.0,Event
07F,2,07F_2_annotations.edf,5205.0,-1.0,Event
07F,2,07F_2_annotations.edf,5236.0,-1.0,Event
07F,2,07F_2_annotations.edf,5252.0,-1.0,Event
07F,2,07F_2_annotations.edf,5283.0,-1.0,Event
07F,2,07F_2_annotations.edf,5305.0,-1.0,Event
07F,2,07F_2_annotations.edf,5317.0,-1.0,Event
07F,2,07F_2_annotations.edf,5326.0,-1.0,Event
07F,2,07F_2_annotations.edf,5339.0,-1.0,Event
07F,2,07F_2_annotations.edf,5350.0,-1.0,Event
07F,2,07F_2_annotations.edf,5366.0,-1.0,Event
07F,2,07F_2_annotations.edf,5381.0,-1.0,Event
07F,2,07F_2_annotations.edf,5418.0,-1.0,Event
07F,2,07F_2_annotations.edf,5437.0,-1.0,Event
07F,2,07F_2_annotations.edf,5482.0,-1.0,Event
07F,2,07F_2_annotations.edf,5524.0,-1.0,Event
07F,2,07F_2_annotations.edf,5538.0,-1.0,Event
07F,2,07F_2_annotations.edf,5550.0,-1.0,Event
07F,2,07F_2_annotations.edf,5557.0,-1.0,Event
07F,2,07F_2_annotations.edf,5578.0,-1.0,Event
07F,2,07F_2_annotations.edf,5626.0,-1.0,Event
07F,2,07F_2_annotations.edf,5656.0,-1.0,Event
07F,2,07F_2_annotations.edf,5709.0,-1.0,Event
07F,2,07F_2_annotations.edf,5727.0,-1.0,Event
07F,2,07F_2_annotations.edf,5755.0,-1.0,Event
07F,2,07F_2_annotations.edf,5790.0,-1.0,Event
07F,2,07F_2_annotations.edf,5808.0,-1.0,Event
07F,2,07F_2_annotations.edf,5824.0,-1.0,Event
07F,2,07F_2_annotations.edf,5847.0,-1.0,Event
07F,2,07F_2_annotations.edf,5856.0,-1.0,Event
07F,2,07F_2_annotations.edf,5863.0,-1.0,Event
07F,2,07F_2_annotations.edf,5872.0,-1.0,Event
07F,2,07F_2_annotations.edf,5893.0,-1.0,Event
07F,2,07F_2_annotations.edf,5926.0,-1.0,Event
07F,2,07F_2_annotations.edf,6000.0,-1.0,Event
07F,2,07F_2_annotations.edf,6021.0,-1.0,Event
07F,2,07F_2_annotations.edf,6034.0,-1.0,Event
07F,2,07F_2_annotations.edf,6093.0,-1.0,Event
07F,2,07F_2_annotations.edf,6104.0,-1.0,Event
07F,2,07F_2_annotations.edf,6153.0,-1.0,Event
07F,2,07F_2_annotations.edf,6178.0,-1.0,Event
07F,2,07F_2_annotations.edf,6215.0,-1.0,Event
07F,2,07F_2_annotations.edf,6248.0,-1.0,Event
07F,2,07F_2_annotations.edf,6268.0,-1.0,Event
07F,2,07F_2_annotations.edf,6276.0,-1.0,Event
07F,2,07F_2_annotations.edf,6288.0,-1.0,Event
07F,2,07F_2_annotations.edf,6325.0,-1.0,Event
07F,2,07F_2_annotations.edf,6335.0,-1.0,Event
07F,2,07F_2_annotations.edf,6382.0,-1.0,Event
07F,2,07F_2_annotations.edf,6396.0,-1.0,Event
07F,2,07F_2_annotations.edf,6417.0,-1.0,Event
07F,2,07F_2_annotations.edf,6427.0,-1.0,Event
07F,2,07F_2_annotations.edf,6442.0,-1.0,Event
07F,2,07F_2_annotations.edf,6466.0,-1.0,Event
07F,2,07F_2_annotations.edf,6482.0,-1.0,Event
07F,2,07F_2_annotations.edf,6526.0,-1.0,Event
07F,2,07F_2_annotations.edf,6558.0,-1.0,Event
07F,2,07F_2_annotations.edf,6576.0,-1.0,Event
07F,2,07F_2_annotations.edf,6594.0,-1.0,Event
07F,2,07F_2_annotations.edf,6635.0,-1.0,Event
07F,2,07F_2_annotations.edf,6697.0,-1.0,Event
07F,2,07F_2_annotations.edf,6743.0,-1.0,Event
07F,2,07F_2_annotations.edf,6801.0,-1.0,Event
07F,2,07F_2_annotations.edf,6840.0,-1.0,Event
07F,2,07F_2_annotations.edf,6921.0,-1.0,Event
07F,2,07F_2_annotations.edf,6963.0,-1.0,Event
07F,2,07F_2_annotations.edf,7121.0,-1.0,Event
08M,1,08M_1_annotations.edf,3.0,-1.0,Event
08M,1,08M_1_annotations.edf,4598.0,-1.0,Event
08M,1,08M_1_annotations.edf,5208.0,-1.0,Event
08M,1,08M_1_annotations.edf,6338.0,-1.0,Event
08M,1,08M_1_annotations.edf,7215.0,-1.0,Event
08M,2,08M_2_annotations.edf,16.0,-1.0,Event
08M,2,08M_2_annotations.edf,2012.0,-1.0,Event
08M,2,08M_2_annotations.edf,3269.0,-1.0,Event
08M,2,08M_2_annotations.edf,4860.0,-1.0,Event
08M,2,08M_2_annotations.edf,5982.0,-1.0,Event
08M,2,08M_2_annotations.edf,6256.0,-1.0,Event
08M,2,08M_2_annotations.edf,6400.0,-1.0,Event
08M,2,08M_2_annotations.edf,7222.0,-1.0,Event
09M,1,09M_1_annotations.edf,15.0,-1.0,Event
09M,1,09M_1_annotations.edf,7222.0,-1.0,Event
09M,2,09M_2_annotations.edf,12.0,-1.0,Event
09M,2,09M_2_annotations.edf,4929.0,-1.0,Event
09M,2,09M_2_annotations.edf,5705.0,-1.0,Event
09M,2,09M_2_annotations.edf,7097.0,-1.0,Event
09M,2,09M_2_annotations.edf,7228.0,-1.0,Event
10M,1,10M_1_annotations.edf,20.0,-1.0,Event
10M,1,10M_1_annotations.edf,3393.0,-1.0,Event
10M,1,10M_1_annotations.edf,7220.0,-1.0,Event
10M,2,10M_2_annotations.edf,4.0,-1.0,Event
10M,2,10M_2_annotations.edf,2014.0,-1.0,Event
10M,2,10M_2_annotations.edf,2780.0,-1.0,Event
10M,2,10M_2_annotations.edf,3762.0,-1.0,Event
10M,2,10M_2_annotations.edf,4358.0,-1.0,Event
10M,2,10M_2_annotations.edf,5399.0,-1.0,Event
10M,2,10M_2_annotations.edf,6760.0,-1.0,Event
10M,2,10M_2_annotations.edf,7227.0,-1.0,Event
